/*==============================================================*/
/* Insertar Datos: ALQUILER										*/
/*==============================================================*/
insert into ALQUILER(ID_ALQUILER,ID_VEHICULO,TIPO_ALQUILER,TIEMPO_ALQUILER,COSTO_ALQUILER,FECHA_DE_INICIO,FECHA_DE_FIN)
values (1,1,'FIN DE SEMANAS','2 dias','100.00','24-06-2021','26-06-2021')
insert into ALQUILER(ID_ALQUILER,ID_VEHICULO,TIPO_ALQUILER,TIEMPO_ALQUILER,COSTO_ALQUILER,FECHA_DE_INICIO,FECHA_DE_FIN)
values (2,2,'MENSUAL','30 dias','180.00','25/01/2021','24/02/2021')
insert into ALQUILER(ID_ALQUILER,ID_VEHICULO,TIPO_ALQUILER,TIEMPO_ALQUILER,COSTO_ALQUILER,FECHA_DE_INICIO,FECHA_DE_FIN)
values (3,3,'QUINCENAL','15 dias','120.00','24/06/2021','26/06/2021')
insert into ALQUILER(ID_ALQUILER,ID_VEHICULO,TIPO_ALQUILER,TIEMPO_ALQUILER,COSTO_ALQUILER,FECHA_DE_INICIO,FECHA_DE_FIN)
values (4,4,'DIARIO','2 dias','100.00','24/10/2021','26/10/2021')
insert into ALQUILER(ID_ALQUILER,ID_VEHICULO,TIPO_ALQUILER,TIEMPO_ALQUILER,COSTO_ALQUILER,FECHA_DE_INICIO,FECHA_DE_FIN)
values (5,5,'MENSUAL','2 dias','90.00','24/06/2021','26/06/2021')
insert into ALQUILER(ID_ALQUILER,ID_VEHICULO,TIPO_ALQUILER,TIEMPO_ALQUILER,COSTO_ALQUILER,FECHA_DE_INICIO,FECHA_DE_FIN)
values (6,6,'MENSUAL','14 dias','200.00','24/06/2021','7/07/2021')

/*==============================================================*/
/* Insertar Datos: CLIENTE                                      */
/*==============================================================*/
insert into CLIENTE(ID_CLIENTES,ID_EMPLEADOS,CEDULA_CLIENTES,NOMBRES_CLIENTES,APELLIDO_CLIENTES,CELULAR_CLIENTES,CIUDAD_CLIENTE,DIRECCION_CLIENTE,TIPO_LICENCIA_CLIENTES,CORREO_CLIENTES)
values (1,1,'1306711589','SHIRLEY GISELA','MERO ZAMORA','0983223818','Manta','Av 4 de noviembre','C','shirley.mero@gmail.com')
insert into CLIENTE(ID_CLIENTES,ID_EMPLEADOS,CEDULA_CLIENTES,NOMBRES_CLIENTES,APELLIDO_CLIENTES,CELULAR_CLIENTES,CIUDAD_CLIENTE,DIRECCION_CLIENTE,TIPO_LICENCIA_CLIENTES,CORREO_CLIENTES)
values (2,2,'0908779713','LUIS SEGUNDO','SEVILLA MORAN','0986736163','Jaramijo','Calle 1 de enero','B','según.18@gmail.com')
insert into CLIENTE(ID_CLIENTES,ID_EMPLEADOS,CEDULA_CLIENTES,NOMBRES_CLIENTES,APELLIDO_CLIENTES,CELULAR_CLIENTES,CIUDAD_CLIENTE,DIRECCION_CLIENTE,TIPO_LICENCIA_CLIENTES,CORREO_CLIENTES)
values (3,3,'1303355513','ALEJANDRO LUIS','CEVALLOS ALCIVAR','0998336997','Jaramijo','Av naval','B','alejandrocevallosalcivar@gmail.com')
insert into CLIENTE(ID_CLIENTES,ID_EMPLEADOS,CEDULA_CLIENTES,NOMBRES_CLIENTES,APELLIDO_CLIENTES,CELULAR_CLIENTES,CIUDAD_CLIENTE,DIRECCION_CLIENTE,TIPO_LICENCIA_CLIENTES,CORREO_CLIENTES)
values (4,4,'1312485061','MANUEL SALVADOR','USMA LOPEZ','0991076468','Manta','Via interbarrial','C','zoraidaramirez014@gmail.com')
insert into CLIENTE(ID_CLIENTES,ID_EMPLEADOS,CEDULA_CLIENTES,NOMBRES_CLIENTES,APELLIDO_CLIENTES,CELULAR_CLIENTES,CIUDAD_CLIENTE,DIRECCION_CLIENTE,TIPO_LICENCIA_CLIENTES,CORREO_CLIENTES)
values (5,5,'1302518376','MARIANA DEL JESUS','VELEZ DELGADO','0968500658','Manta','Calle 317','C','davalosana461@gmail.com')

/*==============================================================*/
/* Insertar Datos: DETALLE_FACTURA                              */
/*==============================================================*/
insert into DETALLE_FACTURA (ID_DETALLE_FACTURA,ID_ALQUILER,ID_SERVICIO, IVA, VALOR, TOTAL)
values (1,1,1,'12','48.00','53.73')
insert into DETALLE_FACTURA (ID_DETALLE_FACTURA,ID_ALQUILER,ID_SERVICIO, IVA, VALOR, TOTAL)
values (2,2,2,'12','148.00','165.76')
insert into DETALLE_FACTURA (ID_DETALLE_FACTURA,ID_ALQUILER,ID_SERVICIO, IVA, VALOR, TOTAL)
values (3,3,3,'12','480.00','537.60')
insert into DETALLE_FACTURA (ID_DETALLE_FACTURA,ID_ALQUILER,ID_SERVICIO, IVA, VALOR, TOTAL)
values (4,4,4,'12','1450.00','1624.00')
insert into DETALLE_FACTURA (ID_DETALLE_FACTURA,ID_ALQUILER,ID_SERVICIO, IVA, VALOR, TOTAL)
values (5,5,5,'12','60.00','67.20')

/*==============================================================*/
/* Insertar Datos: EMPLEADOS                                    */
/*==============================================================*/
insert into EMPLEADOS(ID_EMPLEADOS,ID,CEDULA_EMPLEADOS,NOMBRE_EMPLEADOS,APELLIDO_EMPLEADOS,CELULAR_EMPLEADOS,CARGO_EMPLEADOS,ANO_EMPLEADOS)
values (1,1,'1315400067','EDWIN DENNIS','RIVADENEIRA SALVATIERRA','0982101658','GERENTE','8')
insert into EMPLEADOS(ID_EMPLEADOS,ID,CEDULA_EMPLEADOS,NOMBRE_EMPLEADOS,APELLIDO_EMPLEADOS,CELULAR_EMPLEADOS,CARGO_EMPLEADOS,ANO_EMPLEADOS)
values (2,1,'1303249427','JUANA EVANGELISTA','RIVERA MERO','0985802044','SECRETARIA','8')
insert into EMPLEADOS(ID_EMPLEADOS,ID,CEDULA_EMPLEADOS,NOMBRE_EMPLEADOS,APELLIDO_EMPLEADOS,CELULAR_EMPLEADOS,CARGO_EMPLEADOS,ANO_EMPLEADOS)
values (3,1,'1306165596','ESTHER ELIZABETH','MERO MARIN','0969655854','VENDEDOR','4')
insert into EMPLEADOS(ID_EMPLEADOS,ID,CEDULA_EMPLEADOS,NOMBRE_EMPLEADOS,APELLIDO_EMPLEADOS,CELULAR_EMPLEADOS,CARGO_EMPLEADOS,ANO_EMPLEADOS)
values (4,1,'0925997736','MAURICIO ANTONIO','LOPEZ GOMES','0961790146','MECANICO','6')
insert into EMPLEADOS(ID_EMPLEADOS,ID,CEDULA_EMPLEADOS,NOMBRE_EMPLEADOS,APELLIDO_EMPLEADOS,CELULAR_EMPLEADOS,CARGO_EMPLEADOS,ANO_EMPLEADOS)
values (5,1,'0801014747','ANGEL AVAN','BRAVO LOOR ','0959483682','MECANICO','5')

/*==============================================================*/
/* Insertar Datos: EMPRESA                                      */
/*==============================================================*/
insert into EMPRESA (ID,NOMBRE_EMPRESA, CIUDAD_EMPRESA, DIRECCION_EMPRESA, CORREO_EMPRESA,CELULAR_EMPRESA)
values (1,'RATTI AUTO','MANTA','AV LA CULTURA','marcos.marin@ratti.com','0978459632')

/*==============================================================*/
/* Insertar Datos: FACTURA                                      */
/*==============================================================*/
Insert into FACTURA(ID_FACTURA,ID_CLIENTES,ID_DETALLE_FACTURA,TOTAL_FACTURA,IVA_FACTURA,DESCUENTO_FACTURA,NUMERO_FACTURA,FECHA_FACTURA,HORA_FACTURA,DANOS_FACTURA)
values (1,1,1,'500.00','12','5','5NF45','14/08/2021','12:00','Ninguno')
Insert into FACTURA(ID_FACTURA,ID_CLIENTES,ID_DETALLE_FACTURA,TOTAL_FACTURA,IVA_FACTURA,DESCUENTO_FACTURA,NUMERO_FACTURA,FECHA_FACTURA,HORA_FACTURA,DANOS_FACTURA)
values (2,2,2,'900.00','12','7','8ER47','17/02/2021','10:45','Rasguños en la puerta')
Insert into FACTURA(ID_FACTURA,ID_CLIENTES,ID_DETALLE_FACTURA,TOTAL_FACTURA,IVA_FACTURA,DESCUENTO_FACTURA,NUMERO_FACTURA,FECHA_FACTURA,HORA_FACTURA,DANOS_FACTURA)
values (3,3,3,'1200.00','12','15','7AS87','15/04/2020','14:35','Choque Frontal')
Insert into FACTURA(ID_FACTURA,ID_CLIENTES,ID_DETALLE_FACTURA,TOTAL_FACTURA,IVA_FACTURA,DESCUENTO_FACTURA,NUMERO_FACTURA,FECHA_FACTURA,HORA_FACTURA,DANOS_FACTURA)
values (4,4,4,'78.00','12','5','9QW49','01/01/2022','20:50','Guarda Choques')
Insert into FACTURA(ID_FACTURA,ID_CLIENTES,ID_DETALLE_FACTURA,TOTAL_FACTURA,IVA_FACTURA,DESCUENTO_FACTURA,NUMERO_FACTURA,FECHA_FACTURA,HORA_FACTURA,DANOS_FACTURA)
values (5,5,5,'145.00','12','0','4FO07','25/12/2021','22:00','Explosion de una llanta')A

/*==============================================================*/
/* Insertar Datos: MANTENIMIENTO                                */
/*==============================================================*/
Insert into MANTENIMIENTO (ID_MANTENIMIENTO,ID_VEHICULO,TIPO_MANTENIMIENTO,HORA_MANTENIMIENTO,DIA_MANTENIMIENTO,GASTO_MANTENIMIENTO,RESPUESTO_MANTENIMIENTO)
values (1,1,'motor','08:00','tres','120.45','Carburador')
Insert into MANTENIMIENTO (ID_MANTENIMIENTO,ID_VEHICULO,TIPO_MANTENIMIENTO,HORA_MANTENIMIENTO,DIA_MANTENIMIENTO,GASTO_MANTENIMIENTO,RESPUESTO_MANTENIMIENTO)
values (2,2,'Puerta','10:00','Uno','65.00','Mando Switch')
Insert into MANTENIMIENTO (ID_MANTENIMIENTO,ID_VEHICULO,TIPO_MANTENIMIENTO,HORA_MANTENIMIENTO,DIA_MANTENIMIENTO,GASTO_MANTENIMIENTO,RESPUESTO_MANTENIMIENTO)
values (3,3,'Ventanas','17:00','Uno','80.00','Peliculas')
Insert into MANTENIMIENTO (ID_MANTENIMIENTO,ID_VEHICULO,TIPO_MANTENIMIENTO,HORA_MANTENIMIENTO,DIA_MANTENIMIENTO,GASTO_MANTENIMIENTO,RESPUESTO_MANTENIMIENTO)
values (4,4,'Balde','09:00','tres','100.00','Pintura')
Insert into MANTENIMIENTO (ID_MANTENIMIENTO,ID_VEHICULO,TIPO_MANTENIMIENTO,HORA_MANTENIMIENTO,DIA_MANTENIMIENTO,GASTO_MANTENIMIENTO,RESPUESTO_MANTENIMIENTO)
values (5,5,'motor','14:00','tres','46.00','Cabeza de Cilindro')
Insert into MANTENIMIENTO (ID_MANTENIMIENTO,ID_VEHICULO,TIPO_MANTENIMIENTO,HORA_MANTENIMIENTO,DIA_MANTENIMIENTO,GASTO_MANTENIMIENTO,RESPUESTO_MANTENIMIENTO)
values (6,6,'motor','11:00','tres','55.00','Empaques de Moto')
Insert into MANTENIMIENTO (ID_MANTENIMIENTO,ID_VEHICULO,TIPO_MANTENIMIENTO,HORA_MANTENIMIENTO,DIA_MANTENIMIENTO,GASTO_MANTENIMIENTO,RESPUESTO_MANTENIMIENTO)
values (7,7,'motor','07:00','Dos','200.00','Árbol de Levas')
Insert into MANTENIMIENTO (ID_MANTENIMIENTO,ID_VEHICULO,TIPO_MANTENIMIENTO,HORA_MANTENIMIENTO,DIA_MANTENIMIENTO,GASTO_MANTENIMIENTO,RESPUESTO_MANTENIMIENTO)
values (8,8,'Parabrisa','18:00','Uno','5.00','Limpia parabrisa')
Insert into MANTENIMIENTO (ID_MANTENIMIENTO,ID_VEHICULO,TIPO_MANTENIMIENTO,HORA_MANTENIMIENTO,DIA_MANTENIMIENTO,GASTO_MANTENIMIENTO,RESPUESTO_MANTENIMIENTO)
values (9,9,'Carro','08:00','tres','900.00','Cambio de pintura')
Insert into MANTENIMIENTO (ID_MANTENIMIENTO,ID_VEHICULO,TIPO_MANTENIMIENTO,HORA_MANTENIMIENTO,DIA_MANTENIMIENTO,GASTO_MANTENIMIENTO,RESPUESTO_MANTENIMIENTO)
values (10,10,'Asientos','08:00','Cinco','90.00','Forros')

/*==============================================================*/
/* Insertar Datos: OBSERVACION                                  */
/*==============================================================*/
Insert into OBSERVACION(ID_OBSERVACION, ID_CLIENTES, BUENO, REGULAR, EXCELENTE)
values (1,1,'0','1','0')
Insert into OBSERVACION (ID_OBSERVACION, ID_CLIENTES, BUENO, REGULAR, EXCELENTE)
values (2,2,'0','1','0')
Insert into OBSERVACION (ID_OBSERVACION, ID_CLIENTES, BUENO, REGULAR, EXCELENTE)
values (3,3,'1','0','0')
Insert into OBSERVACION (ID_OBSERVACION, ID_CLIENTES, BUENO, REGULAR, EXCELENTE)
values (4,4,'0','0','1')
Insert into OBSERVACION (ID_OBSERVACION, ID_CLIENTES, BUENO, REGULAR, EXCELENTE)
values (5,5,'0','0','1')
Insert into OBSERVACION (ID_OBSERVACION, ID_CLIENTES, BUENO, REGULAR, EXCELENTE)
values (6,6,'0','1','0')
Insert into OBSERVACION (ID_OBSERVACION, ID_CLIENTES, BUENO, REGULAR, EXCELENTE)
values (7,7,'0','1','1')
Insert into OBSERVACION (ID_OBSERVACION, ID_CLIENTES, BUENO, REGULAR, EXCELENTE)
values (8,8,'0','1','0')
Insert into OBSERVACION (ID_OBSERVACION, ID_CLIENTES, BUENO, REGULAR, EXCELENTE)
values (9,9,'0','0','1')
Insert into OBSERVACION (ID_OBSERVACION, ID_CLIENTES, BUENO, REGULAR, EXCELENTE)
values (10,10,'1','0','0')

/*==============================================================*/
/* Insertar Datos: RESERVAR                                     */
/*==============================================================*/
Insert into RESERVAR(ID_RESERVAR,ID_CLIENTES,ID_VEHICULO, TIPO_RESERVA, HORA_RESERVA, FECHA_RESERVA, MEDIO_DE_RESERVA)
values(1,1,1,'Tarjeta de credito', '14:00','24/08/2021', 'Presencial')
Insert into RESERVAR(ID_RESERVAR,ID_CLIENTES,ID_VEHICULO, TIPO_RESERVA, HORA_RESERVA, FECHA_RESERVA, MEDIO_DE_RESERVA)
values(2,2,2,'Cheque', '14:00','24/10/2021','Digital')
Insert into RESERVAR(ID_RESERVAR,ID_CLIENTES,ID_VEHICULO, TIPO_RESERVA, HORA_RESERVA, FECHA_RESERVA, MEDIO_DE_RESERVA)
values(3,3,3,'Efectivo', '17:00','04/08/2021','Presencial')
Insert into RESERVAR(ID_RESERVAR,ID_CLIENTES,ID_VEHICULO, TIPO_RESERVA, HORA_RESERVA, FECHA_RESERVA, MEDIO_DE_RESERVA)
values(4,4,4,'Transferencia bancaria', '14:00','24/12/2021','Digital')
Insert into RESERVAR(ID_RESERVAR,ID_CLIENTES,ID_VEHICULO, TIPO_RESERVA, HORA_RESERVA, FECHA_RESERVA, MEDIO_DE_RESERVA)
values(5,5,5,'Cheque', '09:45','25/06/2021','Digital')
Insert into RESERVAR(ID_RESERVAR,ID_CLIENTES,ID_VEHICULO, TIPO_RESERVA, HORA_RESERVA, FECHA_RESERVA, MEDIO_DE_RESERVA)
values(6,6,6,'Transferencia', '17:30','24/08/2021','Presencial')
Insert into RESERVAR(ID_RESERVAR,ID_CLIENTES,ID_VEHICULO, TIPO_RESERVA, HORA_RESERVA, FECHA_RESERVA, MEDIO_DE_RESERVA)
values(7,7,7,'Boda', '14:00','28/01/2021','Digital')
Insert into RESERVAR(ID_RESERVAR,ID_CLIENTES,ID_VEHICULO, TIPO_RESERVA, HORA_RESERVA, FECHA_RESERVA, MEDIO_DE_RESERVA)
values(8,8,8,'Compromiso familiar', '08:00','14/02/2021','Digital')
Insert into RESERVAR(ID_RESERVAR,ID_CLIENTES,ID_VEHICULO, TIPO_RESERVA, HORA_RESERVA, FECHA_RESERVA, MEDIO_DE_RESERVA)
values(9,9,9,'Paseo entre amigos', '10:00','04/07/2021','Presencial')
Insert into RESERVAR(ID_RESERVAR,ID_CLIENTES,ID_VEHICULO, TIPO_RESERVA, HORA_RESERVA, FECHA_RESERVA, MEDIO_DE_RESERVA)
values(10,10,10,'Trabajo', '20:00','15/09/2021','Digital')

/*==============================================================*/
/* Insertar Datos: SERVICIO                                     */
/*==============================================================*/
Insert into SERVICIO(ID_SERVICIO, ID_VEHICULO, TIPO_SERVICIO, HORA_SERVICIO, FECHA_SERVICIO)
values(1,1,'Paseo Familiar', '14:00','24/10/2021')
Insert into SERVICIO(ID_SERVICIO, ID_VEHICULO,TIPO_SERVICIO, HORA_SERVICIO, FECHA_SERVICIO)
values(2,2,'Viaje de negocios', '14:00','24/10/2021')
Insert into SERVICIO(ID_SERVICIO,ID_VEHICULO, TIPO_SERVICIO, HORA_SERVICIO, FECHA_SERVICIO)
values(3,3,'Viaje a Guayquil', '17:00','04/08/2021')
Insert into SERVICIO(ID_SERVICIO,ID_VEHICULO, TIPO_SERVICIO, HORA_SERVICIO, FECHA_SERVICIO)
values(4,4,'Paseo de noche buena', '14:00','24/12/2021')
Insert into SERVICIO(ID_SERVICIO, ID_VEHICULO,TIPO_SERVICIO, HORA_SERVICIO, FECHA_SERVICIO)
values(5,5,'Paseo de fin de semana', '09:45:00','25/06/2021')
Insert into SERVICIO(ID_SERVICIO, TIPO_SERVICIO, HORA_SERVICIO, FECHA_SERVICIO)
values(6,6,'Viaje a Quito', '17:30','24/08/2021')
Insert into SERVICIO(ID_SERVICIO,ID_VEHICULO, TIPO_SERVICIO, HORA_SERVICIO, FECHA_SERVICIO)
values(7,7,'Boda', '14:00','28/01/2021')
Insert into SERVICIO(ID_SERVICIO, ID_VEHICULO,TIPO_SERVICIO, HORA_SERVICIO, FECHA_SERVICIO)
values(8,8,'Compromiso familiar', '08:00','14/02/2021')
Insert into SERVICIO(ID_SERVICIO, ID_VEHICULO,TIPO_SERVICIO, HORA_SERVICIO, FECHA_SERVICIO)
values(9,9,'Paseo entre amigos', '10:00','04/07/2021')
Insert into SERVICIO(ID_SERVICIO, ID_VEHICULO,TIPO_SERVICIO, HORA_SERVICIO, FECHA_SERVICIO)
values(10,10,'Trabajo', '20:00','15/09/2021')

/*==============================================================*/
/* Insertar Datos: VEHICULOS                                    */
/*==============================================================*/
Insert into VEHICULOS(ID_VEHICULO, MARCA_VEHICULO, TIPO_VEHICULO, PLACA_VEHICULO, COLOR_VEHICULO, ANO_VEHICULO, CAPACIDAD_MAXIMA_VEHICULO)
values(1,'MAclaren', 'auto','ax-33','rojo', '2012','2')
Insert into VEHICULOS(ID_VEHICULO, MARCA_VEHICULO, TIPO_VEHICULO, PLACA_VEHICULO, COLOR_VEHICULO, ANO_VEHICULO, CAPACIDAD_MAXIMA_VEHICULO)
values(2,'Spark GT', 'auto','GG-478','Verde', '2013','5')
Insert into VEHICULOS(ID_VEHICULO, MARCA_VEHICULO, TIPO_VEHICULO, PLACA_VEHICULO, COLOR_VEHICULO, ANO_VEHICULO, CAPACIDAD_MAXIMA_VEHICULO)
values(3,'Kia Rio', 'auto','SD-845','Blanco', '2014','5')
Insert into VEHICULOS(ID_VEHICULO, MARCA_VEHICULO, TIPO_VEHICULO, PLACA_VEHICULO, COLOR_VEHICULO, ANO_VEHICULO, CAPACIDAD_MAXIMA_VEHICULO)
values(4,'Chevrolet Beat', 'auto','GU-859','Negro', '2016','5')
Insert into VEHICULOS(ID_VEHICULO, MARCA_VEHICULO, TIPO_VEHICULO, PLACA_VEHICULO, COLOR_VEHICULO, ANO_VEHICULO, CAPACIDAD_MAXIMA_VEHICULO)
values(5,'Suzuki Scross', 'auto','TR-874','Blanco', '2017','5')
Insert into VEHICULOS(ID_VEHICULO, MARCA_VEHICULO, TIPO_VEHICULO, PLACA_VEHICULO, COLOR_VEHICULO, ANO_VEHICULO, CAPACIDAD_MAXIMA_VEHICULO)
values(6,'Kia Spotage Active', 'auto','UP-597','Blanco', '2010','5')
Insert into VEHICULOS(ID_VEHICULO, MARCA_VEHICULO, TIPO_VEHICULO, PLACA_VEHICULO, COLOR_VEHICULO, ANO_VEHICULO, CAPACIDAD_MAXIMA_VEHICULO)
values(7,'Kia Europa', 'auto','DE-599','Rojo', '2018','5')
Insert into VEHICULOS(ID_VEHICULO, MARCA_VEHICULO, TIPO_VEHICULO, PLACA_VEHICULO, COLOR_VEHICULO, ANO_VEHICULO, CAPACIDAD_MAXIMA_VEHICULO)
values(8,'Chevrolet Captiva', 'auto','ES-129','Rojo', '2019','7')
Insert into VEHICULOS(ID_VEHICULO, MARCA_VEHICULO, TIPO_VEHICULO, PLACA_VEHICULO, COLOR_VEHICULO, ANO_VEHICULO, CAPACIDAD_MAXIMA_VEHICULO)
values(9,'Chevrolet D-Max 4x2', 'Camioneta','IS-784','Cherry', '2014','7')
Insert into VEHICULOS(ID_VEHICULO, MARCA_VEHICULO, TIPO_VEHICULO, PLACA_VEHICULO, COLOR_VEHICULO, ANO_VEHICULO, CAPACIDAD_MAXIMA_VEHICULO)
values(10,'Mercedes-Benz', 'Furgoneta','EK-014','Azul', '2017','12')
