/*==============================================================*/
/* Insertar Datos: EMPRESA                                      */
/*==============================================================*/
insert into EMPRESA (ID,NOMBRE_EMPRESA, CIUDAD_EMPRESA, DIRECCION_EMPRESA, CORREO_EMPRESA,CELULAR_EMPRESA)
values (1,'RATTI AUTO','MANTA','AV LA CULTURA','marcos.marin@ratti.com','0978459632');

/*==============================================================*/
/* Insertar Datos: EMPLEADOS                                    */
/*==============================================================*/
insert into EMPLEADO(ID_EMPLEADO,ID,CEDULA_EMPLEADO,NOMBRE_EMPLEADOS,APELLIDO_EMPLEADOS,CELULAR_EMPLEADOS,CARGO_EMPLEADOS,ANO_EMPLEADOS)
values (1,1,'1315400067','EDWIN DENNIS','RIVADENEIRA SALVATIERRA','0982101658','GERENTE','8');
insert into EMPLEADO(ID_EMPLEADO,ID,CEDULA_EMPLEADO,NOMBRE_EMPLEADOS,APELLIDO_EMPLEADOS,CELULAR_EMPLEADOS,CARGO_EMPLEADOS,ANO_EMPLEADOS)
values (2,1,'1303249427','JUANA EVANGELISTA','RIVERA MERO','0985802044','SECRETARIA','8');
insert into EMPLEADO(ID_EMPLEADO,ID,CEDULA_EMPLEADO,NOMBRE_EMPLEADOS,APELLIDO_EMPLEADOS,CELULAR_EMPLEADOS,CARGO_EMPLEADOS,ANO_EMPLEADOS)
values (3,1,'1306165596','ESTHER ELIZABETH','MERO MARIN','0969655854','VENDEDOR','4');
insert into EMPLEADO(ID_EMPLEADO,ID,CEDULA_EMPLEADO,NOMBRE_EMPLEADOS,APELLIDO_EMPLEADOS,CELULAR_EMPLEADOS,CARGO_EMPLEADOS,ANO_EMPLEADOS)
values (4,1,'0925997736','MAURICIO ANTONIO','LOPEZ GOMES','0961790146','MECANICO','6');
insert into EMPLEADO(ID_EMPLEADO,ID,CEDULA_EMPLEADO,NOMBRE_EMPLEADOS,APELLIDO_EMPLEADOS,CELULAR_EMPLEADOS,CARGO_EMPLEADOS,ANO_EMPLEADOS)
values (5,1,'0801014747','ANGEL AVAN','BRAVO LOOR ','0959483682','MECANICO','5');

/*==============================================================*/
/* Insertar Datos: CLIENTE                                      */
/*==============================================================*/
insert into CLIENTE(ID_CLIENTES,CEDULA_CLIENTES,NOMBRES_CLIENTES,APELLIDO_CLIENTES,CELULAR_CLIENTES,CIUDAD_CLIENTE,DIRECCION_CLIENTE,TIPO_LICENCIA_CLIENTES,CORREO_CLIENTES)
values (1,'1306711589','SHIRLEY GISELA','MERO ZAMORA','0983223818','Manta','Av 4 de noviembre','C','shirley.mero@gmail.com');
insert into CLIENTE(ID_CLIENTES,CEDULA_CLIENTES,NOMBRES_CLIENTES,APELLIDO_CLIENTES,CELULAR_CLIENTES,CIUDAD_CLIENTE,DIRECCION_CLIENTE,TIPO_LICENCIA_CLIENTES,CORREO_CLIENTES)
values (2,'0908779713','LUIS SEGUNDO','SEVILLA MORAN','0986736163','Jaramijo','Calle 1 de enero','B','según.18@gmail.com');
insert into CLIENTE(ID_CLIENTES,CEDULA_CLIENTES,NOMBRES_CLIENTES,APELLIDO_CLIENTES,CELULAR_CLIENTES,CIUDAD_CLIENTE,DIRECCION_CLIENTE,TIPO_LICENCIA_CLIENTES,CORREO_CLIENTES)
values (3,'1303355513','ALEJANDRO LUIS','CEVALLOS ALCIVAR','0998336997','Jaramijo','Av naval','B','alejandrocevallosalcivar@gmail.com');
insert into CLIENTE(ID_CLIENTES,CEDULA_CLIENTES,NOMBRES_CLIENTES,APELLIDO_CLIENTES,CELULAR_CLIENTES,CIUDAD_CLIENTE,DIRECCION_CLIENTE,TIPO_LICENCIA_CLIENTES,CORREO_CLIENTES)
values (4,'1312485061','MANUEL SALVADOR','USMA LOPEZ','0991076468','Manta','Via interbarrial','C','zoraidaramirez014@gmail.com');
insert into CLIENTE(ID_CLIENTES,CEDULA_CLIENTES,NOMBRES_CLIENTES,APELLIDO_CLIENTES,CELULAR_CLIENTES,CIUDAD_CLIENTE,DIRECCION_CLIENTE,TIPO_LICENCIA_CLIENTES,CORREO_CLIENTES)
values (5,'1302518376','MARIANA DEL JESUS','VELEZ DELGADO','0968500658','Manta','Calle 317','C','davalosana461@gmail.com');

/*==============================================================*/
/* Insertar Datos: OBSERVACION                                  */
/*==============================================================*/
Insert into OBSERVACION(ID_OBSERVACION, ID_CLIENTES, CALIFICACIÓN, PUNTACION)
values (1,1,'Muy Bueno','9');
Insert into OBSERVACION (ID_OBSERVACION, ID_CLIENTES, CALIFICACIÓN, PUNTACION)
values (2,2,'Regular','6');
Insert into OBSERVACION (ID_OBSERVACION, ID_CLIENTES, CALIFICACIÓN, PUNTACION)
values (3,3,'Bueno','8');
Insert into OBSERVACION (ID_OBSERVACION, ID_CLIENTES, CALIFICACIÓN, PUNTACION)
values (4,4,'Excelente','10');
Insert into OBSERVACION (ID_OBSERVACION, ID_CLIENTES, CALIFICACIÓN, PUNTACION)
values (5,5,'Malo','1');
/*
Insert into OBSERVACION (ID_OBSERVACION, ID_CLIENTES, CALIFICACIÓN, PUNTACION)
values (6,6,'Bueno','8');
Insert into OBSERVACION (ID_OBSERVACION, ID_CLIENTES, CALIFICACIÓN, PUNTACION)
values (7,7,'Muy Bueno','9');
Insert into OBSERVACION (ID_OBSERVACION, ID_CLIENTES, CALIFICACIÓN, PUNTACION)
values (8,8,'Malo','1');
Insert into OBSERVACION (ID_OBSERVACION, ID_CLIENTES, CALIFICACIÓN, PUNTACION)
values (9,9,'Pesimo','0');
Insert into OBSERVACION (ID_OBSERVACION, ID_CLIENTES, CALIFICACIÓN, PUNTACION)
values (10,10,'Muy Bueno','9');
*/

/*==============================================================*/
/* Insertar Datos: VEHICULOS                                    */
/*==============================================================*/
Insert into VEHICULO(ID_VEHICULO, MARCA_VEHICULO, TIPO_VEHICULO, PLACA_VEHICULO, COLOR_VEHICULO, ANO_VEHICULO, ANO_INSTITUCION_V, CAPACIDAD_MAXIMA_VEHICULO)
values(1,'MAclaren', 'auto','ax-33','rojo', '2012','4','2');
Insert into VEHICULO(ID_VEHICULO, MARCA_VEHICULO, TIPO_VEHICULO, PLACA_VEHICULO, COLOR_VEHICULO, ANO_VEHICULO, ANO_INSTITUCION_V, CAPACIDAD_MAXIMA_VEHICULO)
values(2,'Spark GT', 'auto','GG-478','Verde', '2013','2','5');
Insert into VEHICULO(ID_VEHICULO, MARCA_VEHICULO, TIPO_VEHICULO, PLACA_VEHICULO, COLOR_VEHICULO, ANO_VEHICULO, ANO_INSTITUCION_V, CAPACIDAD_MAXIMA_VEHICULO)
values(3,'Kia Rio', 'auto','SD-845','Blanco', '2014','7','5');
Insert into VEHICULO(ID_VEHICULO, MARCA_VEHICULO, TIPO_VEHICULO, PLACA_VEHICULO, COLOR_VEHICULO, ANO_VEHICULO, ANO_INSTITUCION_V, CAPACIDAD_MAXIMA_VEHICULO)
values(4,'Chevrolet Beat', 'auto','GU-859','Negro', '2016','5','5');
Insert into VEHICULO(ID_VEHICULO, MARCA_VEHICULO, TIPO_VEHICULO, PLACA_VEHICULO, COLOR_VEHICULO, ANO_VEHICULO, ANO_INSTITUCION_V, CAPACIDAD_MAXIMA_VEHICULO)
values(5,'Suzuki Scross', 'auto','TR-874','Blanco', '2017','3','5');
Insert into VEHICULO(ID_VEHICULO, MARCA_VEHICULO, TIPO_VEHICULO, PLACA_VEHICULO, COLOR_VEHICULO, ANO_VEHICULO, ANO_INSTITUCION_V, CAPACIDAD_MAXIMA_VEHICULO)
values(6,'Kia Spotage Active', 'auto','UP-597','Blanco', '2010','12','5');
Insert into VEHICULO(ID_VEHICULO, MARCA_VEHICULO, TIPO_VEHICULO, PLACA_VEHICULO, COLOR_VEHICULO, ANO_VEHICULO, ANO_INSTITUCION_V, CAPACIDAD_MAXIMA_VEHICULO)
values(7,'Kia Europa', 'auto','DE-599','Rojo', '2018','7','5');
Insert into VEHICULO(ID_VEHICULO, MARCA_VEHICULO, TIPO_VEHICULO, PLACA_VEHICULO, COLOR_VEHICULO, ANO_VEHICULO, ANO_INSTITUCION_V, CAPACIDAD_MAXIMA_VEHICULO)
values(8,'Chevrolet Captiva', 'auto','ES-129','Rojo', '2019','3','7');
Insert into VEHICULO(ID_VEHICULO, MARCA_VEHICULO, TIPO_VEHICULO, PLACA_VEHICULO, COLOR_VEHICULO, ANO_VEHICULO, ANO_INSTITUCION_V, CAPACIDAD_MAXIMA_VEHICULO)
values(9,'Chevrolet D-Max 4x2', 'Camioneta','IS-784','Cherry', '2014','9','7');
Insert into VEHICULO(ID_VEHICULO, MARCA_VEHICULO, TIPO_VEHICULO, PLACA_VEHICULO, COLOR_VEHICULO, ANO_VEHICULO, ANO_INSTITUCION_V, CAPACIDAD_MAXIMA_VEHICULO)
values(10,'Mercedes-Benz', 'Furgoneta','EK-014','Azul', '2017','4','12');

/*==============================================================*/
/* Insertar Datos: MANTENIMIENTO                                */
/*==============================================================*/
Insert into MANTENIMIENTO (ID_MANTENIMIENTO,ID_VEHICULO,TIPO_MANTENIMIENTO,NUMERO_MANTENIMIENTO, HORA_MANTENIMIENTO,DIA_MANTENIMIENTO,GASTO_MANTENIMIENTO,RESPUESTO_MANTENIMIENTO)
values (1,1,'motor','10','08:00','tres',120,'Carburador');
Insert into MANTENIMIENTO (ID_MANTENIMIENTO,ID_VEHICULO,TIPO_MANTENIMIENTO,NUMERO_MANTENIMIENTO, HORA_MANTENIMIENTO,DIA_MANTENIMIENTO,GASTO_MANTENIMIENTO,RESPUESTO_MANTENIMIENTO)
values (2,2,'Puerta','5','10:00','Uno',65,'Mando Switch');
Insert into MANTENIMIENTO (ID_MANTENIMIENTO,ID_VEHICULO,TIPO_MANTENIMIENTO,NUMERO_MANTENIMIENTO, HORA_MANTENIMIENTO,DIA_MANTENIMIENTO,GASTO_MANTENIMIENTO,RESPUESTO_MANTENIMIENTO)
values (3,3,'Ventanas','7','17:00','Uno',80,'Peliculas');
Insert into MANTENIMIENTO (ID_MANTENIMIENTO,ID_VEHICULO,TIPO_MANTENIMIENTO,NUMERO_MANTENIMIENTO, HORA_MANTENIMIENTO,DIA_MANTENIMIENTO,GASTO_MANTENIMIENTO,RESPUESTO_MANTENIMIENTO)
values (4,4,'Balde','3','09:00','tres',100,'Pintura');
Insert into MANTENIMIENTO (ID_MANTENIMIENTO,ID_VEHICULO,TIPO_MANTENIMIENTO,NUMERO_MANTENIMIENTO, HORA_MANTENIMIENTO,DIA_MANTENIMIENTO,GASTO_MANTENIMIENTO,RESPUESTO_MANTENIMIENTO)
values (5,5,'motor','5','14:00','tres',46,'Cabeza de Cilindro');
Insert into MANTENIMIENTO (ID_MANTENIMIENTO,ID_VEHICULO,TIPO_MANTENIMIENTO,NUMERO_MANTENIMIENTO, HORA_MANTENIMIENTO,DIA_MANTENIMIENTO,GASTO_MANTENIMIENTO,RESPUESTO_MANTENIMIENTO)
values (6,6,'motor','2','11:00','tres',55,'Empaques de Moto');
Insert into MANTENIMIENTO (ID_MANTENIMIENTO,ID_VEHICULO,TIPO_MANTENIMIENTO,NUMERO_MANTENIMIENTO, HORA_MANTENIMIENTO,DIA_MANTENIMIENTO,GASTO_MANTENIMIENTO,RESPUESTO_MANTENIMIENTO)
values (7,7,'motor','1','07:00','Dos',200,'Árbol de Levas');
Insert into MANTENIMIENTO (ID_MANTENIMIENTO,ID_VEHICULO,TIPO_MANTENIMIENTO,NUMERO_MANTENIMIENTO, HORA_MANTENIMIENTO,DIA_MANTENIMIENTO,GASTO_MANTENIMIENTO,RESPUESTO_MANTENIMIENTO)
values (8,8,'Parabrisa','2','18:00','Uno',5,'Limpia parabrisa');
Insert into MANTENIMIENTO (ID_MANTENIMIENTO,ID_VEHICULO,TIPO_MANTENIMIENTO,NUMERO_MANTENIMIENTO, HORA_MANTENIMIENTO,DIA_MANTENIMIENTO,GASTO_MANTENIMIENTO,RESPUESTO_MANTENIMIENTO)
values (9,9,'Carro','2','08:00','tres',900,'Cambio de pintura');
Insert into MANTENIMIENTO (ID_MANTENIMIENTO,ID_VEHICULO,TIPO_MANTENIMIENTO,NUMERO_MANTENIMIENTO, HORA_MANTENIMIENTO,DIA_MANTENIMIENTO,GASTO_MANTENIMIENTO,RESPUESTO_MANTENIMIENTO)
values (10,10,'Asientos','9','08:00','Cinco',90,'Forros');

/*==============================================================*/
/* Insertar Datos: RESERVAR                                     */
/*==============================================================*/
Insert into RESERVAR(ID_RESERVAR,ID_CLIENTES,ID_VEHICULO, TIPO_RESERVA, HORA_RESERVA, FECHA_RESERVA, MEDIO_DE_RESERVA)
values(1,1,1,'Tarjeta de credito', '14:00','24/08/2021', 'Presencial');
Insert into RESERVAR(ID_RESERVAR,ID_CLIENTES,ID_VEHICULO, TIPO_RESERVA, HORA_RESERVA, FECHA_RESERVA, MEDIO_DE_RESERVA)
values(2,2,2,'Cheque', '14:00','24/10/2021','Digital');
Insert into RESERVAR(ID_RESERVAR,ID_CLIENTES,ID_VEHICULO, TIPO_RESERVA, HORA_RESERVA, FECHA_RESERVA, MEDIO_DE_RESERVA)
values(3,3,3,'Efectivo', '17:00','04/08/2021','Presencial');
Insert into RESERVAR(ID_RESERVAR,ID_CLIENTES,ID_VEHICULO, TIPO_RESERVA, HORA_RESERVA, FECHA_RESERVA, MEDIO_DE_RESERVA)
values(4,4,4,'Transferencia bancaria', '14:00','24/12/2021','Digital');
Insert into RESERVAR(ID_RESERVAR,ID_CLIENTES,ID_VEHICULO, TIPO_RESERVA, HORA_RESERVA, FECHA_RESERVA, MEDIO_DE_RESERVA)
values(5,5,5,'Cheque', '09:45','25/06/2021','Digital');

/*
Insert into RESERVAR(ID_RESERVAR,ID_CLIENTES,ID_VEHICULO, TIPO_RESERVA, HORA_RESERVA, FECHA_RESERVA, MEDIO_DE_RESERVA)
values(6,6,6,'Transferencia', '17:30','24/08/2021','Presencial');
Insert into RESERVAR(ID_RESERVAR,ID_CLIENTES,ID_VEHICULO, TIPO_RESERVA, HORA_RESERVA, FECHA_RESERVA, MEDIO_DE_RESERVA)
values(7,7,7,'Boda', '14:00','28/01/2021','Digital');
Insert into RESERVAR(ID_RESERVAR,ID_CLIENTES,ID_VEHICULO, TIPO_RESERVA, HORA_RESERVA, FECHA_RESERVA, MEDIO_DE_RESERVA)
values(8,8,8,'Compromiso familiar', '08:00','14/02/2021','Digital');
Insert into RESERVAR(ID_RESERVAR,ID_CLIENTES,ID_VEHICULO, TIPO_RESERVA, HORA_RESERVA, FECHA_RESERVA, MEDIO_DE_RESERVA)
values(9,9,9,'Paseo entre amigos', '10:00','04/07/2021','Presencial');
Insert into RESERVAR(ID_RESERVAR,ID_CLIENTES,ID_VEHICULO, TIPO_RESERVA, HORA_RESERVA, FECHA_RESERVA, MEDIO_DE_RESERVA)
values(10,10,10,'Trabajo', '20:00','15/09/2021','Digital');
*/

/*==============================================================*/
/* Insertar Datos: ALQUILER										*/
/*==============================================================*/
insert into ALQUILER(ID_ALQUILER,ID_CLIENTES,TIPO_ALQUILER,TIEMPO_ALQUILER,COSTO_ALQUILER,FECHA_DE_INICIO,FECHA_DE_FIN,CANTIDA_ALQUILER)
values (1,1,'FIN DE SEMANAS','2 dias',100,'2021/06/24','26/06/2021','10');
insert into ALQUILER(ID_ALQUILER,ID_CLIENTES,TIPO_ALQUILER,TIEMPO_ALQUILER,COSTO_ALQUILER,FECHA_DE_INICIO,FECHA_DE_FIN,CANTIDA_ALQUILER)
values (2,2,'MENSUAL','30 dias',180,'25/01/2021','24/02/2021','7');
insert into ALQUILER(ID_ALQUILER,ID_CLIENTES,TIPO_ALQUILER,TIEMPO_ALQUILER,COSTO_ALQUILER,FECHA_DE_INICIO,FECHA_DE_FIN,CANTIDA_ALQUILER)
values (3,3,'QUINCENAL','15 dias',120.00,'24/06/2021','26/06/2021','2');
insert into ALQUILER(ID_ALQUILER,ID_CLIENTES,TIPO_ALQUILER,TIEMPO_ALQUILER,COSTO_ALQUILER,FECHA_DE_INICIO,FECHA_DE_FIN,CANTIDA_ALQUILER)
values (4,4,'DIARIO','2 dias',100,'24/10/2021','26/10/2021','5');
insert into ALQUILER(ID_ALQUILER,ID_CLIENTES,TIPO_ALQUILER,TIEMPO_ALQUILER,COSTO_ALQUILER,FECHA_DE_INICIO,FECHA_DE_FIN,CANTIDA_ALQUILER)
values (5,5,'MENSUAL','2 dias',90,'24/06/2021','26/06/2021','4');

/*==============================================================*/
/* Insertar Datos: SERVICIO                                     */
/*==============================================================*/
Insert into SERVICIO(ID_SERVICIO, ID_EMPLEADO,ID_CLIENTES,ID_ALQUILER, TIPO_SERVICIO, HORA_SERVICIO, FECHA_SERVICIO)
values(1,1,1,1,'Paseo Familiar', '14:00','24/10/2021');
Insert into SERVICIO(ID_SERVICIO, ID_EMPLEADO,ID_CLIENTES,ID_ALQUILER,TIPO_SERVICIO, HORA_SERVICIO, FECHA_SERVICIO)
values(2,2,2,2,'Viaje de negocios', '14:00','24/10/2021');
Insert into SERVICIO(ID_SERVICIO,ID_EMPLEADO, ID_CLIENTES,ID_ALQUILER,TIPO_SERVICIO, HORA_SERVICIO, FECHA_SERVICIO)
values(3,3,3,3,'Viaje a Guayquil', '17:00','04/08/2021');
Insert into SERVICIO(ID_SERVICIO,ID_EMPLEADO,ID_CLIENTES,ID_ALQUILER, TIPO_SERVICIO, HORA_SERVICIO, FECHA_SERVICIO)
values(4,4,4,4,'Paseo de noche buena', '14:00','24/12/2021');
Insert into SERVICIO(ID_SERVICIO, ID_EMPLEADO,ID_CLIENTES,ID_ALQUILER,TIPO_SERVICIO, HORA_SERVICIO, FECHA_SERVICIO)
values(5,5,5,5,'Paseo de fin de semana', '09:45:00','25/06/2021');

/*
Insert into SERVICIO(ID_SERVICIO, ID_EMPLEADO,ID_CLIENTES,ID_ALQUILER,TIPO_SERVICIO, HORA_SERVICIO, FECHA_SERVICIO)
values(6,6,6,6,'Viaje a Quito', '17:30','24/08/2021');
Insert into SERVICIO(ID_SERVICIO,ID_EMPLEADO,ID_CLIENTES,ID_ALQUILER, TIPO_SERVICIO, HORA_SERVICIO, FECHA_SERVICIO)
values(7,7,7,7,'Boda', '14:00','28/01/2021');
Insert into SERVICIO(ID_SERVICIO, ID_EMPLEADO,ID_CLIENTES,ID_ALQUILER,TIPO_SERVICIO, HORA_SERVICIO, FECHA_SERVICIO)
values(8,8,8,8,'Compromiso familiar', '08:00','14/02/2021');
Insert into SERVICIO(ID_SERVICIO, ID_EMPLEADO,ID_CLIENTES,ID_ALQUILER,TIPO_SERVICIO, HORA_SERVICIO, FECHA_SERVICIO)
values(9,9,9,9,'Paseo entre amigos', '10:00','04/07/2021');
Insert into SERVICIO(ID_SERVICIO, ID_EMPLEADO,ID_CLIENTES,ID_ALQUILER,TIPO_SERVICIO, HORA_SERVICIO, FECHA_SERVICIO)
values(10,10,10,10,'Trabajo', '20:00','15/09/2021');
*/

/*==============================================================*/
/* Insertar datos: VEHICULO_SERVICIO                                     */
/*==============================================================*/
insert into VEHICULO_SERVICIO (ID_SERVICIO,ID_VEHICULO)
values (1,1);
insert into VEHICULO_SERVICIO (ID_SERVICIO,ID_VEHICULO)
values (2,2);
insert into VEHICULO_SERVICIO (ID_SERVICIO,ID_VEHICULO)
values (3,3);
insert into VEHICULO_SERVICIO (ID_SERVICIO,ID_VEHICULO)
values (4,4);
insert into VEHICULO_SERVICIO (ID_SERVICIO,ID_VEHICULO)
values (5,5);

/*
insert into VEHICULO_SERVICIO (ID_SERVICIO,ID_VEHICULO)
values (6,6);
insert into VEHICULO_SERVICIO (ID_SERVICIO,ID_VEHICULO)
values (7,7);
insert into VEHICULO_SERVICIO (ID_SERVICIO,ID_VEHICULO)
values (8,8);
insert into VEHICULO_SERVICIO (ID_SERVICIO,ID_VEHICULO)
values (9,9);
insert into VEHICULO_SERVICIO (ID_SERVICIO,ID_VEHICULO)
values (10,10);
*/

/*==============================================================*/
/* Insertar Datos: FACTURA                                      */
/*==============================================================*/
Insert into FACTURA(ID_FACTURA,TOTAL_FACTURA,IVA_FACTURA,DESCUENTO_FACTURA,NUMERO_FACTURA,FECHA_FACTURA,HORA_FACTURA,DANOS_FACTURA)
values (1,500,12,5,'5NF45','14/08/2021','12:00','Ninguno');
Insert into FACTURA(ID_FACTURA,TOTAL_FACTURA,IVA_FACTURA,DESCUENTO_FACTURA,NUMERO_FACTURA,FECHA_FACTURA,HORA_FACTURA,DANOS_FACTURA)
values (2,900,12,7,'8ER47','17/02/2021','10:45','Rasguños en la puerta');
Insert into FACTURA(ID_FACTURA,TOTAL_FACTURA,IVA_FACTURA,DESCUENTO_FACTURA,NUMERO_FACTURA,FECHA_FACTURA,HORA_FACTURA,DANOS_FACTURA)
values (3,1200,12,15,'7AS87','15/04/2020','14:35','Choque Frontal');
Insert into FACTURA(ID_FACTURA,TOTAL_FACTURA,IVA_FACTURA,DESCUENTO_FACTURA,NUMERO_FACTURA,FECHA_FACTURA,HORA_FACTURA,DANOS_FACTURA)
values (4,78,12,5,'9QW49','01/01/2022','20:50','Guarda Choques');
Insert into FACTURA(ID_FACTURA,TOTAL_FACTURA,IVA_FACTURA,DESCUENTO_FACTURA,NUMERO_FACTURA,FECHA_FACTURA,HORA_FACTURA,DANOS_FACTURA)
values (5,145,12,0,'4FO07','25/12/2021','22:00','Explosion de una llanta');

/*==============================================================*/
/* Insertar datos: FACTURA_SERVICIO                                     */
/*==============================================================*/
insert into FACTURA_SERVICIO(ID_FACTURA,ID_SERVICIO)
values (1,1);
insert into FACTURA_SERVICIO(ID_FACTURA,ID_SERVICIO)
values (2,2);
insert into FACTURA_SERVICIO(ID_FACTURA,ID_SERVICIO)
values (3,3);
insert into FACTURA_SERVICIO(ID_FACTURA,ID_SERVICIO)
values (4,4);
insert into FACTURA_SERVICIO(ID_FACTURA,ID_SERVICIO) 
values (5,5);
/*
insert into FACTURA_SERVICIO(ID_FACTURA,ID_SERVICIO)
values (6,6);
insert into FACTURA_SERVICIO(ID_FACTURA,ID_SERVICIO)
values (7,7);
insert into FACTURA_SERVICIO(ID_FACTURA,ID_SERVICIO)
values (8,8);
insert into FACTURA_SERVICIO(ID_FACTURA,ID_SERVICIO)
values (9,9);
insert into FACTURA_SERVICIO(ID_FACTURA,ID_SERVICIO)
values (10,10);
*/









